<div>
  Documentation is available online, is included in the source distribution,
  and is available as a <a href="download.html">separate download</a>.

  <h2>current release</h2>

  Documentation for <b>pyglet 1.1.4</b>.

  <ul>
    <li>
      <a href="doc/programming_guide/index.html">Programming Guide</a>,
      also available as a <a href="doc/programming_guide.pdf">PDF</a>.
    </li>
    <li>
      <a href="doc/programming_guide/appendix_migrating_to_pyglet_1_1.html">
        Migrating to pyglet 1.1</a>
    </li>
    <li>
      <a href="doc/api/index.html">API Reference</a>.
    </li>
  </ul>


  <h2>development release</h2>

  Documentation for <b>pyglet development version (1.2)</b>.

  <ul>
    <li>
      <a href="doc-current/programming_guide/index.html">Programming Guide</a>
    </li>
    <li>
	  <a href="doc-current/api/pyglet.html">API Reference</a>.
    </li>
  </ul>

  <h2>additional resources</h2>

  <p>There are several documented example applications located in the
  <tt>examples</tt> directory of the source and documentation distributions.</p>

  <p>Please join one of the mailing lists detailed on the <a
  href="contribute.html">contribution</a> page to discuss all things pyglet.</p>
</div>
